"source_record","item_code","item_name","category","quantity","storage_bin","changed_fields"
"1","00017","Cable tray","Office","12","0004","item_name;category;storage_bin"
"2","00018","Pen cup","Office","0","0005","category"
"3","00019","Document box","Storage","7","0010","category"
"10","00023","Desk organizer","Office","3","0009","category;quantity"
"12","00024","Shipping tube","Storage","2","0011","category"
"15","00027","Keyboard rest","Accessories","1","0014","category"
"16","00028","Archive box","Storage","10","0015","category"
"17","00029","USB pouch","Accessories","2","0016","category"
"18","00030","Clipboard","Office","4","","category"
