"source_record","reasons","related_source_records","raw_item_code","raw_item_name","raw_category","raw_quantity","raw_storage_bin"
"4","exact_duplicate","3","00019","Document box","storage","7","0010"
"5","conflicting_identifier","6","00020","Mouse pad","accessories","5","0006"
"6","conflicting_identifier","5","00020","Mouse pad","accessories","8","0006"
"7","missing_item_code","","","Label roll","office","4","0007"
"8","missing_quantity","","00021","Index cards","office","","0008"
"9","invalid_quantity","","00022","File clips","office","-2","0008"
"11","normalized_duplicate","10"," 00023 ","Desk   organizer"," office","3","0009"
"13","unmapped_category","","00025","Notebook","Stationery","6","0012"
"14","missing_item_name","","00026","","office","3","0013"
